<?xml version="1.0" encoding="UTF-8"?>
 
<schema version="1.0" xmlns="http://www.apple.com/metadata"
                      xmlns:xsi="http://www.w3.org/2001/XMLSchema-instance"
                      xsi:schemaLocation="http://www.apple.com/metadata file:///System/Library/Frameworks/CoreServices.framework/Frameworks/Metadata.framework/Resources/MetadataSchema.xsd">
    <note>
        Custom attributes that this metadata importer supports.  Below
	is an example of a multivalued string attribute.  Other types
	are CFNumber, CFDate, CFBoolean and CFData.		      
    </note>
    <attributes>
        <attribute name="com_omnigroup_OmniGraffle_LayerCount" type="CFNumber"/>
        <attribute name="com_omnigroup_OmniGraffle_CanvasCount" type="CFNumber"/>
        <attribute name="com_omnigroup_OmniGraffle_GraphicCount" type="CFNumber"/>
    </attributes>

    <types>
        <type name="com.omnigroup.omnigraffle.graffle">
            <note>
		The keys that this metadata importer handles.
            </note>
            <allattrs>
		com_omnigroup_OmniGraffle_CanvasCount
		com_omnigroup_OmniGraffle_LayerCount
		com_omnigroup_OmniGraffle_GraphicCount
            </allattrs>
            <displayattrs>
		com_omnigroup_OmniGraffle_CanvasCount
		com_omnigroup_OmniGraffle_LayerCount
		com_omnigroup_OmniGraffle_GraphicCount
            </displayattrs>
        </type>
        <type name="com.omnigroup.omnigraffle.graffle-package">
            <note>
		The keys that this metadata importer handles.
            </note>
            <allattrs>
		com_omnigroup_OmniGraffle_CanvasCount
		com_omnigroup_OmniGraffle_LayerCount
		com_omnigroup_OmniGraffle_GraphicCount
            </allattrs>
            <displayattrs>
		com_omnigroup_OmniGraffle_CanvasCount
		com_omnigroup_OmniGraffle_LayerCount
		com_omnigroup_OmniGraffle_GraphicCount
            </displayattrs>
        </type>
        <type name="com.omnigroup.omnigraffle.gstencil">
            <note>
		The keys that this metadata importer handles.
            </note>
            <allattrs>
		com_omnigroup_OmniGraffle_CanvasCount
		com_omnigroup_OmniGraffle_LayerCount
		com_omnigroup_OmniGraffle_GraphicCount
            </allattrs>
            <displayattrs>
		com_omnigroup_OmniGraffle_CanvasCount
		com_omnigroup_OmniGraffle_LayerCount
		com_omnigroup_OmniGraffle_GraphicCount
            </displayattrs>
        </type>
        <type name="com.omnigroup.omnigraffle.gstencil-package">
            <note>
		The keys that this metadata importer handles.
            </note>
            <allattrs>
		com_omnigroup_OmniGraffle_CanvasCount
		com_omnigroup_OmniGraffle_LayerCount
		com_omnigroup_OmniGraffle_GraphicCount
            </allattrs>
            <displayattrs>
		com_omnigroup_OmniGraffle_CanvasCount
		com_omnigroup_OmniGraffle_LayerCount
		com_omnigroup_OmniGraffle_GraphicCount
            </displayattrs>
        </type>
    </types>
</schema>
