{
  "M68AP": {
    "name": "iPhone 1"
  },
  "N82AP": {
    "name": "iPhone 3G"
  },
  "N88AP": {
    "name": "iPhone 3GS"
  },
  "N90AP": {
    "name": "iPhone 4 (GSM)"
  },
  "N90bAP": {
    "name": "iPhone 4 (GSM)",
    "comment": "Revision A"
  },
  "N92AP": {
    "name": "iPhone 4 (CDMA)"
  },
  "N94AP": {
    "name": "iPhone 4S"
  },
  "N41AP": {
    "name": "iPhone 5 (NA)"
  },
  "N42AP": {
    "name": "iPhone 5 (World)"
  },
  "N48AP": {
    "name": "iPhone 5c (GSM)",
    "platform": "iPhone5,3"
  },
  "N49AP": {
    "name": "iPhone 5c (World)",
    "platform": "iPhone5,4"
  },
  "N51AP": {
    "name": "iPhone 5s",
    "platform": "iPhone6,1",
    "comment": "US/China/Japan"
  },
  "N53AP": {
    "name": "iPhone 5s",
    "platform": "iPhone6,2",
    "comment": "UK/Europe"
  },
  "N56AP": {
    "name": "iPhone 6 Plus",
    "platform": "iPhone7,1"
  },
  "N61AP": {
    "name": "iPhone 6",
    "platform": "iPhone7,2"
  },
  "N71AP": {
    "name": "iPhone 6s",
    "platform": "iPhone8,1",
    "comment": "Samsung A9 chip"
  },
  "N71mAP": {
    "name": "iPhone 6s",
    "comment": "TSMC A9 chip"
  },
  "N66AP": {
    "name": "iPhone 6s Plus",
    "platform": "iPhone8,2",
    "comment": "Samsung A9 chip"
  },
  "N66mAP": {
    "name": "iPhone 6s Plus",
    "platform": "iPhone8,2",
    "comment": "TSMC A9 chip"
  },
  "N69AP": {
    "name": "iPhone SE",
    "platform": "iPhone8,4",
    "comment": "Samsung A9 chip"
  },
  "N69uAP": {
    "name": "iPhone SE",
    "platform": "iPhone8,4",
    "comment": "TSMC A9 chip"
  },
  "D10AP": {
      "name": "iPhone 7",
      "platform": "iPhone9,1"
  },
  "D101AP": {
      "name": "iPhone 7",
      "platform": "iPhone9,3"
  },
  "D11AP": {
      "name": "iPhone 7 Plus",
      "platform": "iPhone9,2"
  },
  "D111AP": {
      "name": "iPhone 7 Plus",
      "platform": "iPhone9,4"
  },
  "D20AP": {
      "name": "iPhone 8",
      "platform": "iPhone10,1"
  },
  "D201AP": {
      "name": "iPhone 8",
      "platform": "iPhone10,4"
  },
  "D21AP": {
      "name": "iPhone 8 Plus",
      "platform": "iPhone10,2"
  },
  "D211AP": {
      "name": "iPhone 8 Plus",
      "platform": "iPhone10,5"
  },
  "D22AP": {
      "name": "iPhone X",
      "platform": "iPhone10,3"
  },
  "D221AP": {
      "name": "iPhone X",
      "platform": "iPhone10,6"
  },
  "N841AP": {
      "name": "iPhone XR",
      "platform": "iPhone11,8"
  },
  "D321AP": {
      "name": "iPhone XS",
      "platform": "iPhone11,2"
  },
  "D331AP": {
      "name": "iPhone XS Max",
      "platform": "iPhone11,4",
      "comment": "China; two physical SIM slots"
  },
  "D331pAP": {
      "name": "iPhone XS Max",
      "platform": "iPhone11,6",
      "comment": "Global"
  },
  "N104AP": {
      "name": "iPhone 11",
      "platform": "iPhone12,1"
  },
  "D421AP": {
      "name": "iPhone 11 Pro",
      "platform": "iPhone12,3"
  },
  "D431AP": {
      "name": "iPhone 11 Pro Max",
      "platform": "iPhone12,5"
  },
  "N27aAP": {
    "name": "Apple Watch (1st generation)",
    "platform": "Watch1,1",
    "comment": "38mm"
  },
  "N28aAP": {
    "name": "Apple Watch (1st generation)",
    "platform": "Watch1,2",
    "comment": "42mm"
  },
  "N27dAP": {
    "name": "Apple Watch Series 1",
    "platform": "Watch2,6",
    "comment": "38mm"
  },
  "N28dAP": {
    "name": "Apple Watch Series 1",
    "platform": "Watch2,7",
    "comment": "42mm"
  },
  "N74AP": {
    "name": "Apple Watch Series 2",
    "platform": "Watch2,3",
    "comment": "38mm"
  },
  "N75AP": {
    "name": "Apple Watch Series 2",
    "platform": "Watch2,4",
    "comment": "42mm"
  },
  "N111sAP": {
    "name": "Apple Watch Series 3",
    "platform": "Watch3,1",
    "comment": "38mm cellular"
  },
  "N111bAP": {
    "name": "Apple Watch Series 3",
    "platform": "Watch3,2",
    "comment": "42mm cellular"
  },
  "N121sAP": {
    "name": "Apple Watch Series 3",
    "platform": "Watch3,3",
    "comment": "38mm"
  },
  "N121bAP": {
    "name": "Apple Watch Series 3",
    "platform": "Watch3,4",
    "comment": "42mm"
  },
  "N131sAP": {
    "name": "Apple Watch Series 4",
    "platform": "Watch4,1",
    "comment": "40mm"
  },
  "N131bAP": {
    "name": "Apple Watch Series 4",
    "platform": "Watch4,2",
    "comment": "44mm"
  },
  "N141sAP": {
    "name": "Apple Watch Series 4",
    "platform": "Watch4,3",
    "comment": "40mm cellular"
  },
  "N141bAP": {
    "name": "Apple Watch Series 4",
    "platform": "Watch4,4",
    "comment": "44mm cellular"
  },
  "N144sAP": {
    "name": "Apple Watch Series 5",
    "platform": "Watch5,1",
    "comment": "40mm"
  },
  "N144bAP": {
    "name": "Apple Watch Series 5",
    "platform": "Watch5,2",
    "comment": "44mm"
  },
  "N146sAP": {
    "name": "Apple Watch Series 5",
    "platform": "Watch5,3",
    "comment": "40mm cellular"
  },
  "N146bAP": {
    "name": "Apple Watch Series 5",
    "platform": "Watch5,4",
    "comment": "44mm cellular"
  },
  "K48AP": {
    "name": "iPad 1"
  },
  "K93AP": {
    "name": "iPad 2 (Wi-Fi)"
  },
  "K93aAP": {
    "name": "iPad 2 (Wi-Fi)",
    "comment": "Slightly newer CPU"
  },
  "K94AP": {
    "name": "iPad 2 (3G)"
  },
  "K95AP": {
    "name": "iPad 2 (CDMA)"
  },
  "J1AP": {
    "name": "iPad 3",
    "platform": "iPad3,1"
  },
  "J2AP": {
    "name": "iPad 3 (CDMA)",
    "platform": "iPad3,2"
  },
  "J2aAP": {
    "name": "iPad 3 (GSM)",
    "platform": "iPad3,3"
  },
  "P101AP": {
    "name": "iPad 4 (Wi-Fi)",
    "platform": "iPad3,4"
  },
  "P102AP": {
    "name": "iPad 4 (LTE)",
    "platform": "iPad3,5"
  },
  "P103AP": {
    "name": "iPad 4 (CDMA)",
    "platform": "iPad3,6"
  },
  "J71AP": {
    "name": "iPad Air (Wi-Fi)",
    "platform": "iPad4,1"
  },
  "J72AP": {
    "name": "iPad Air (GSM)",
    "platform": "iPad4,2"
  },
  "J73AP": {
    "name": "iPad Air (China)",
    "platform": "iPad4,3"
  },
  "J85AP": {
    "name": "iPad mini 2 (Wi-Fi)",
    "platform": "iPad4,4"
  },
  "J86AP": {
    "name": "iPad mini 2 (Wi-Fi + Cellular)",
    "platform": "iPad4,5"
  },
  "J87AP": {
    "name": "iPad mini 2 (China)",
    "platform": "iPad4,6"
  },
  "J85mAP": {
    "name": "iPad mini 3 (Wi-Fi)",
    "platform": "iPad4,7"
  },
  "J86mAP": {
    "name": "iPad mini 3 (LTE)",
    "platform": "iPad4,8"
  },
  "J87mAP": {
    "name": "iPad mini 3 (China)",
    "platform": "iPad4,9"
  },
  "P105AP": {
    "name": "iPad mini (Wi-Fi)",
    "platform": "iPad2,5"
  },
  "P106AP": {
    "name": "iPad mini (GSM)",
    "platform": "iPad2,6"
  },
  "P107AP": {
    "name": "iPad mini (LTE)",
    "platform": "iPad2,7"
  },
  "J96AP": {
    "name": "iPad mini 4 (Wi-Fi)",
    "platform": "iPad5,1"
  },
  "J97AP": {
    "name": "iPad mini 4 (LTE)",
    "platform": "iPad5,2"
  },
  "J210AP": {
    "name": "iPad mini (5th generation) (Wi-Fi)",
    "platform": "iPad11,1"
  },
  "J211AP": {
    "name": "iPad mini (5th generation) (LTE)",
    "platform": "iPad11,2"
  },
  "J81AP": {
    "name": "iPad Air 2 (Wi-Fi)",
    "platform": "iPad5,3"
  },
  "J82AP": {
    "name": "iPad Air 2 (LTE)",
    "platform": "iPad5,4"
  },
  "J217AP": {
    "name": "iPad Air (3rd generation) (Wi-Fi)",
    "platform": "iPad11,3"
  },
  "J218AP": {
    "name": "iPad Air (3rd generation) (LTE)",
    "platform": "iPad11,4"
  },
  "J127AP": {
    "name": "iPad Pro",
    "platform": "iPad6,3",
    "comment": "9.7 inch"
  },
  "J128AP": {
    "name": "iPad Pro",
    "platform": "iPad6,4",
    "comment": "9.7 inch"
  },
  "J98aAP": {
    "name": "iPad Pro",
    "platform": "iPad6,7",
    "comment": "12.9 inch"
  },
  "J99aAP": {
    "name": "iPad Pro",
    "platform": "iPad6,8",
    "comment": "12.9 inch"
  },
  "J120AP": {
    "name": "iPad Pro (2nd generation)",
    "platform": "iPad7,1",
    "comment": "12.9 inch"
  },
  "J121AP": {
    "name": "iPad Pro (2nd generation)",
    "platform": "iPad7,2",
    "comment": "12.9 inch"
  },
  "J207AP": {
    "name": "iPad Pro (10.5 inch)",
    "platform": "iPad7,3",
    "comment": "10.5 inch"
  },
  "J208AP": {
    "name": "iPad Pro (10.5 inch)",
    "platform": "iPad7,4",
    "comment": "10.5 inch"
  },
  "J71sAP": {
    "name": "iPad (5th generation)",
    "platform": "iPad6,11",
    "comment": "9.7 inch; 2017"
  },
  "J72sAP": {
    "name": "iPad (5th generation)",
    "platform": "iPad6,12",
    "comment": "9.7 inch; 2017; LTE"
  },
  "J71tAP": {
    "name": "iPad (5th generation)",
    "platform": "iPad6,11",
    "comment": "9.7 inch; 2017"
  },
  "J72tAP": {
    "name": "iPad (5th generation)",
    "platform": "iPad6,12",
    "comment": "9.7 inch; 2017; LTE"
  },
  "J71bAP": {
    "name": "iPad (6th generation)",
    "platform": "iPad7,5",
    "comment": "9.7 inch; 2018; education event"
  },
  "J72bAP": {
    "name": "iPad (6th generation)",
    "platform": "iPad7,6",
    "comment": "9.7 inch; 2018; LTE; education event"
  },
  "J171AP": {
    "name": "iPad (7th generation)",
    "platform": "iPad7,11",
    "comment": "10.2 inch; 2019; WiFi"
  },
  "J172AP": {
    "name": "iPad (7th generation)",
    "platform": "iPad7,12",
    "comment": "10.2 inch; 2019; LTE"
  },
  "J317AP": {
    "name": "iPad Pro (11-inch)",
    "platform": "iPad8,1",
    "comment": "2018"
  },
  "J317xAP": {
    "name": "iPad Pro (11-inch)",
    "platform": "iPad8,2",
    "comment": "2018; 1TB"
  },
  "J318AP": {
    "name": "iPad Pro (11-inch)",
    "platform": "iPad8,3",
    "comment": "2018"
  },
  "J318xAP": {
    "name": "iPad Pro (11-inch)",
    "platform": "iPad8,4",
    "comment": "2018; 1TB"
  },
  "J320AP": {
    "name": "iPad Pro (12.9-inch) (3rd generation)",
    "platform": "iPad8,5",
    "comment": "2018"
  },
  "J320xAP": {
    "name": "iPad Pro (12.9-inch) (3rd generation)",
    "platform": "iPad8,6",
    "comment": "2018; 1TB"
  },
  "J321AP": {
    "name": "iPad Pro (12.9-inch) (3rd generation)",
    "platform": "iPad8,7",
    "comment": "2018"
  },
  "J321xAP": {
    "name": "iPad Pro (12.9-inch) (3rd generation)",
    "platform": "iPad8,8",
    "comment": "2018; 1TB"
  },
  "N45AP": {
    "name": "iPod Touch 1G",
    "platform": "iPod1,1"
  },
  "N72AP": {
    "name": "iPod Touch 2G",
    "platform": "iPod2,1"
  },
  "N18AP": {
    "name": "iPod Touch 3G",
    "platform": "iPod3,1"
  },
  "N81AP": {
    "name": "iPod Touch 4G",
    "platform": "iPod4,1"
  },
  "N78AP": {
    "name": "iPod Touch 5G",
    "platform": "iPod5,1"
  },
  "N78aAP": {
    "name": "iPod Touch 5G",
    "platform": "iPod5,1",
    "comment": "Smaller flash"
  },
  "N102AP": {
    "name": "iPod Touch 6G",
    "platform": "iPod7,1"
  },
  "N112AP": {
    "name": "iPod Touch 7G",
    "platform": "iPod9,1"
  },
  "K66AP": {
    "name": "Apple TV 2G"
  },
  "J33AP": {
    "name": "Apple TV 3"
  },
  "J33iAP": {
    "name": "Apple TV 3"
  },
  "J42dAP": {
    "name": "Apple TV 4",
    "platform": "AppleTV5,3"
  },
  "J105aAP": {
    "name": "Apple TV 4K",
    "platform": "AppleTV6,2"
  },
  "iMac,1": {
    "name": "iMac G3"
  },
  "iMac4,1": {
    "name": "iMac"
  },
  "iMac4,2": {
    "name": "iMac"
  },
  "iMac5,2": {
    "name": "iMac"
  },
  "iMac5,1": {
    "name": "iMac"
  },
  "iMac6,1": {
    "name": "iMac"
  },
  "iMac7,1": {
    "name": "iMac"
  },
  "iMac8,1": {
    "name": "iMac"
  },
  "iMac9,1": {
    "name": "iMac"
  },
  "iMac10,1": {
    "name": "iMac"
  },
  "iMac11,1": {
    "name": "iMac"
  },
  "iMac11,2": {
    "name": "iMac"
  },
  "iMac11,3": {
    "name": "iMac"
  },
  "iMac12,1": {
    "name": "iMac"
  },
  "iMac12,2": {
    "name": "iMac"
  },
  "iMac13,1": {
    "name": "iMac"
  },
  "iMac13,2": {
    "name": "iMac"
  },
  "iMac14,1": {
    "name": "iMac"
  },
  "iMac14,3": {
    "name": "iMac"
  },
  "iMac14,2": {
    "name": "iMac"
  },
  "iMac14,4": {
    "name": "iMac"
  },
  "iMac15,1": {
    "name": "iMac"
  },
  "iMac16,1": {
    "name": "iMac"
  },
  "iMac16,2": {
    "name": "iMac"
  },
  "iMac17,1": {
    "name": "iMac"
  },
  "iMac18,1": {
    "name": "iMac",
    "comment": "21.5 inch, mid 2017"
  },
  "iMac18,2": {
    "name": "iMac",
    "comment": "21.5 inch, 4K, mid 2017"
  },
  "iMac18,3": {
    "name": "iMac",
    "comment": "27 inch, 5K, mid 2017"
  },
  "iMacPro1,1": {
    "name": "iMac Pro"
  },
  "Macmini1,1": {
    "name": "Mac mini"
  },
  "Macmini2,1": {
    "name": "Mac mini"
  },
  "Macmini3,1": {
    "name": "Mac mini"
  },
  "Macmini4,1": {
    "name": "Mac mini"
  },
  "Macmini5,1": {
    "name": "Mac mini"
  },
  "Macmini5,2": {
    "name": "Mac mini"
  },
  "Macmini5,3": {
    "name": "Mac mini"
  },
  "Macmini6,1": {
    "name": "Mac mini"
  },
  "Macmini6,2": {
    "name": "Mac mini"
  },
  "Macmini7,1": {
    "name": "Mac mini"
  },
  "Macmini8,1": {
    "name": "Mac mini",
    "comment": "Late 2018"
  },
  "MacPro1,1*": {
    "name": "Mac Pro"
  },
  "MacPro2,1": {
    "name": "Mac Pro"
  },
  "MacPro3,1": {
    "name": "Mac Pro"
  },
  "MacPro4,1": {
    "name": "Mac Pro"
  },
  "MacPro5,1": {
    "name": "Mac Pro"
  },
  "MacPro6,1": {
    "name": "Mac Pro",
    "comment": "Late 2013 (trash can)"
  },
  "MacPro7,1": {
    "name": "Mac Pro",
    "comment": "December 2019"
  },
  "MacBook1,1": {
    "name": "MacBook"
  },
  "MacBook2,1": {
    "name": "MacBook"
  },
  "MacBook3,1": {
    "name": "MacBook"
  },
  "MacBook4,1": {
    "name": "MacBook"
  },
  "MacBook5,1": {
    "name": "MacBook"
  },
  "MacBook5,2": {
    "name": "MacBook"
  },
  "MacBook6,1": {
    "name": "MacBook"
  },
  "MacBook7,1": {
    "name": "MacBook"
  },
  "MacBook8,1": {
    "name": "MacBook"
  },
  "MacBook9,1": {
    "name": "MacBook",
    "comment": "Early 2016 12-inch Core m3/m5/m7"
  },
  "MacBook10,1": {
    "name": "MacBook",
    "comment": "Mid 2017 12-inch"
  },
  "MacBookAir1,1": {
    "name": "MacBook Air"
  },
  "MacBookAir2,1": {
    "name": "MacBook Air"
  },
  "MacBookAir3,1": {
    "name": "MacBook Air"
  },
  "MacBookAir3,2": {
    "name": "MacBook Air"
  },
  "MacBookAir4,1": {
    "name": "MacBook Air"
  },
  "MacBookAir4,2": {
    "name": "MacBook Air"
  },
  "MacBookAir5,1": {
    "name": "MacBook Air"
  },
  "MacBookAir5,2": {
    "name": "MacBook Air"
  },
  "MacBookAir6,1": {
    "name": "MacBook Air"
  },
  "MacBookAir6,2": {
    "name": "MacBook Air"
  },
  "MacBookAir7,1": {
    "name": "MacBook Air"
  },
  "MacBookAir7,2": {
    "name": "MacBook Air"
  },
  "MacBookPro1,1": {
    "name": "MacBook Pro"
  },
  "MacBookPro1,2": {
    "name": "MacBook Pro"
  },
  "MacBookPro2,2": {
    "name": "MacBook Pro"
  },
  "MacBookPro2,1": {
    "name": "MacBook Pro"
  },
  "MacBookPro3,1": {
    "name": "MacBook Pro"
  },
  "MacBookPro4,1": {
    "name": "MacBook Pro"
  },
  "MacBookPro5,1": {
    "name": "MacBook Pro"
  },
  "MacBookPro5,2": {
    "name": "MacBook Pro"
  },
  "MacBookPro5,5": {
    "name": "MacBook Pro"
  },
  "MacBookPro5,4": {
    "name": "MacBook Pro"
  },
  "MacBookPro5,3": {
    "name": "MacBook Pro"
  },
  "MacBookPro7,1": {
    "name": "MacBook Pro"
  },
  "MacBookPro6,2": {
    "name": "MacBook Pro"
  },
  "MacBookPro6,1": {
    "name": "MacBook Pro"
  },
  "MacBookPro8,1": {
    "name": "MacBook Pro"
  },
  "MacBookPro8,2": {
    "name": "MacBook Pro"
  },
  "MacBookPro8,3": {
    "name": "MacBook Pro"
  },
  "MacBookPro9,2": {
    "name": "MacBook Pro"
  },
  "MacBookPro9,1": {
    "name": "MacBook Pro"
  },
  "MacBookPro10,1": {
    "name": "MacBook Pro"
  },
  "MacBookPro10,2": {
    "name": "MacBook Pro"
  },
  "MacBookPro11,1": {
    "name": "MacBook Pro"
  },
  "MacBookPro11,2": {
    "name": "MacBook Pro"
  },
  "MacBookPro11,3": {
    "name": "MacBook Pro"
  },
  "MacBookPro12,1": {
    "name": "MacBook Pro"
  },
  "MacBookPro11,4": {
    "name": "MacBook Pro"
  },
  "MacBookPro11,5": {
    "name": "MacBook Pro"
  },
  "MacBookPro13,1": {
    "name": "MacBook Pro",
    "comment": "13-inch, late 2016, two TB3 ports"
  },
  "MacBookPro13,2": {
    "name": "MacBook Pro",
    "comment": "13-inch, late 2016, Touch Bar, four TB3 ports"
  },
  "MacBookPro13,3": {
    "name": "MacBook Pro",
    "comment": "15-inch, late 2016, Touch Bar"
  },
  "MacBookPro14,1": {
    "name": "MacBook Pro",
    "comment": "13-inch, mid 2017"
  },
  "MacBookPro14,2": {
    "name": "MacBook Pro",
    "comment": "13-inch, mid 2017, Touch Bar"
  },
  "MacBookPro14,3": {
    "name": "MacBook Pro",
    "comment": "15-inch, mid 2017, Touch Bar"
  },
  "MacBookPro15,1": {
    "name": "MacBook Pro",
    "comment": "15-inch, 2018/2019"
  },
  "MacBookPro15,2": {
    "name": "MacBook Pro",
    "comment": "13-inch, 2018/2019, Touch Bar, four TB3 ports"
  },
  "MacBookPro15,3": {
    "name": "MacBook Pro",
    "comment": "15-inch, 2019, Touch Bar, four TB3 ports"
  }
}
